,Real PartNo
D6RA110,8108
M000T87881,3363
TS12E9,2391
D7R53,1978
TS14E110,1470
D8R27,1457
D6G3,1284
M000T22471,932
TS22E8,911
D7E1,910
1042104521,897
TS22E26,894
TG15C189,862
TG15C118,839
D6RA572,798
TS14E11,796
M001T80481,772
TG15C058,696
TG15C053,659
M001T80681,652
TS22E5,636
TG15C134,629
TS8E6,551
D7R46,483
TG15C012,469
SG12B038,460
TG15C135,454
D7R44,442
M000T20871,440
TS10E1,437
D7R26,435
TG15C121,432
D7R49,397
TG14C011,396
M000T86081,396
104210-3513,393
M000T91581,393
6G9N11000FA,375
D6G32,346
D7R43,345
TG15C146,344
TG15C020,329
M000T93581,329
TS8E2,315
M001T30071,305
M001T80381,300
TG15C022,294
D6G33,292
A003TX0481,291
M0T87881,265
M000T20871ZE,265
TG9B042,256
A11VI91,255
TG15S205,254
D6RA661,253
TS22-32,251
TG15C057,229
TG12C078,228
D8R28,226
TS10E3,220
M000T20872,208
2S6U11000ED,207
D6RA109,201
TG9S021,199
D6RA133,196
A11VI88,193
55195967,192
TG9S036,191
428000-1640,191
104210-3523,186
4280005510,180
TG11C011,180
TG12C122,180
D7E16,179
TG9B044,178
M000T22472,178
4280005511,176
TG12C059,175
M002T87671,173
M000T22473,169
TG10B013,166
TS18E1,165
3730027013,165
2S6U11000EE,163
SG12B072,163
TG9B066,159
104210-5710,158
SG12B040,148
D7E6,146
2T1411000BC,143
M000T32271ZE,143
MS4280001640,141
D7E22,140
D6RA104,140
D7G11,140
SG15S018,138
TG17C030,131
D7R27,130
LR1100-503F,130
TG17C010,130
D6RA115,126
A14VI46,126
M000T46371ZT,125
104210-3512,124
D6RA571,124
TG14C026,123
D7R34,119
S114-829B,115
TS18ER123,115
TS22E9,115
TG9B068,114
3M5T11000CF,111
TG14C031,110
S114-869,108
TG9B049,107
D6RA162,105
FG18S019,104
A005TA6291,103
A002TB6481,103
TS18E33,103
SG7S015,101
TG17C020,100
D7E19,100
D8R1,98
SG9B057,97
SG10B021,97
TG9S015,96
SG12B105,95
428000-0660,94
SG12B081,93
M002T13081,93
M001T30072,91
104210-3051,87
D7E39,79
104210-5700,68
228000-7220,68
LR1100-508,66
428000-3370,63
104210-3522,63
S114-943,60
D6RA73,21
TG15S218,11
